{
  "RELATION_ID": 13027168,
  "SOUTHBOUND_RELATION_ID": 13027169,
  "KATSURA_RIVER_RELATION_ID": 9459116,
  "TERMINUS_INTERNAL_WAY_IDS": [1454593592],
  "EXTRA_ROAD_WAY_IDS": [63124509, 621847402],
  "EXTRA_ROADS_FALLBACK": [
    {
      "id": 63124509,
      "tags": {
        "highway": "unclassified",
        "oneway": "yes",
        "lanes": "1",
        "name": "地蔵前南側北行き一方通行"
      },
      "geometry": [
        [34.9555805, 135.7418361],
        [34.9561599, 135.7420066],
        [34.9562131, 135.7420189],
        [34.9567324, 135.7421385],
        [34.9573175, 135.7423033],
        [34.9576014, 135.74238],
        [34.9577568, 135.7424219],
        [34.9579234, 135.7424666],
        [34.9580917, 135.7425123],
        [34.95865, 135.7426639]
      ]
    },
    {
      "id": 621847402,
      "tags": {
        "highway": "tertiary",
        "bridge": "yes",
        "oneway": "yes",
        "lanes": "2",
        "name": "小枝橋西行き車線橋"
      },
      "geometry": [
        [34.9512626, 135.7428803],
        [34.951226, 135.7425805],
        [34.9510626, 135.7414334]
      ]
    }
  ],
  "STOP_ORDER": [
    "二条駅西口",
    "二条駅前",
    "千本三条・朱雀立命館前",
    "みぶ操車場前",
    "四条大宮",
    "大宮松原",
    "大宮五条",
    "島原口",
    "七条大宮・京都水族館前",
    "東寺東門前",
    "九条大宮",
    "東寺南門前",
    "羅城門",
    "唐戸町",
    "千本十条",
    "五丁橋",
    "上ノ町",
    "上鳥羽村山町",
    "上鳥羽小学校前",
    "城ケ前町",
    "岩ノ本町",
    "地蔵前",
    "奈須野",
    "小枝橋",
    "城南宮道",
    "赤池",
    "上鳥羽塔ノ森",
    "久我",
    "菱妻神社前",
    "久我石原町"
  ],
  "NAME_ALIAS": {
    "城ヶ前町": "城ケ前町"
  },
  "EXTRA_STOPS": {
    "城南宮道": [34.9501719, 135.7431768],
    "赤池": [34.9473836, 135.7430396]
  },
  "SOUTHBOUND_STOP_OVERRIDES": {
    "千本十条": [34.973279, 135.7422175],
    "五丁橋": [34.9705886, 135.7426048],
    "上ノ町": [34.9673125, 135.7425638],
    "上鳥羽村山町": [34.96565, 135.74247],
    "上鳥羽小学校前": [34.9643776, 135.7424912],
    "地蔵前": [34.9585329, 135.7430509],
    "奈須野": [34.9561146, 135.7425598],
    "小枝橋": [34.9540361, 135.7415567],
    "上鳥羽塔ノ森": [34.946249, 135.738128]
  },
  "JUJO_WAY_IDS": [
    968070106,
    968070105,
    27211283,
    1061759843,
    968070098,
    63124503,
    116803173
  ],
  "JUJO_FROM": [34.9736, 135.7414],
  "JUJO_TO": [34.9554039, 135.7421815],
  "KUJO_WESTBOUND_WAY_IDS": [968070112, 968070111],
  "KUJO_WESTBOUND_FROM": [34.9793823, 135.7493066],
  "KUJO_WESTBOUND_TO": [34.978789, 135.7414259],
  "DETOUR_SOUTHBOUND": [
    [34.9511124, 135.7413116],
    [34.9511333, 135.7414445],
    [34.9513353, 135.7427624],
    [34.951343, 135.742935],
    [34.9512693, 135.7429352],
    [34.9512193, 135.7429323],
    [34.9506648, 135.7427628],
    [34.950623, 135.7428108],
    [34.9505492, 135.7431534],
    [34.9502205, 135.7431418],
    [34.9496474, 135.7431262],
    [34.9494315, 135.7431173],
    [34.9492009, 135.7431116],
    [34.9489446, 135.7430965],
    [34.9488022, 135.7430901],
    [34.94768, 135.7430038],
    [34.9474363, 135.7429903],
    [34.9472233, 135.7429758],
    [34.9468287, 135.7429606],
    [34.946756, 135.7429658],
    [34.9465764, 135.7429866],
    [34.9464497, 135.7430095],
    [34.9464652, 135.7413228],
    [34.9464362, 135.7399997],
    [34.9464338, 135.7398396],
    [34.9464276, 135.7392257]
  ],
  "DETOUR_FROM": [34.9511124, 135.7413116],
  "DETOUR_TO": [34.9464291, 135.7391553],
  "BRIDGES": [
    {
      "name": "小枝橋(鴨川)",
      "anchor": [34.9512, 135.74216],
      "realLength": 60,
      "river": "鴨川",
      "riverHalfWindowM": 560
    },
    {
      "name": "京川橋(鴨川)",
      "anchor": [34.94664, 135.74047],
      "realLength": 46,
      "river": "鴨川",
      "riverHalfWindowM": 560
    },
    {
      "name": "天神橋(西高瀬川)",
      "anchor": [34.94668, 135.73948],
      "realLength": 18,
      "river": "西高瀬川"
    },
    {
      "name": "久我橋(桂川)",
      "anchor": [34.9457, 135.73607],
      "realLength": 340,
      "river": "桂川",
      "riverHalfWindowM": 900
    }
  ],
  "HIGHWAY_CROSSINGS": [
    {
      "name": "名神高速道路(鴨川・小枝橋付近)",
      "anchor": [34.95228, 135.74118],
      "length": 340
    },
    {
      "name": "名神高速道路(桂川・菱妻神社付近)",
      "anchor": [34.94773, 135.72919]
    }
  ],
  "SPEED_ZONES": [
    { "fromStop": null, "toStop": "九条大宮", "limit": 40 },
    { "fromStop": "九条大宮", "toStop": "羅城門", "limit": 50 },
    { "fromStop": "羅城門", "toStop": "赤池", "limit": 40 },
    { "fromStop": "赤池", "toStop": "久我", "limit": 50 },
    { "fromStop": "久我", "toStop": null, "limit": 40 }
  ],
  "FORCE_PLAIN_CURVE_ANCHORS": [[34.95066, 135.74276]]
}
